covid,forget,real,virus,80
ability,trace,covid,ring,71
supreme,court,lack,immunity,66
supreme,court,lack,covid,65
supreme,court,immunity,covid,65
supreme,lack,immunity,covid,65
court,lack,immunity,covid,65
supreme,court,lack,voter,55
supreme,court,immunity,voter,55
supreme,lack,immunity,voter,55
court,lack,immunity,voter,55
supreme,court,covid,voter,54
supreme,lack,covid,voter,54
supreme,immunity,covid,voter,54
court,lack,covid,voter,54
court,immunity,covid,voter,54
lack,immunity,covid,voter,54
today,day,covid,threshold,50
today,day,covid,trump,50
today,day,covid,times,50
today,day,covid,twitter,50
today,day,covid,tweet,50
today,day,covid,loss,50
today,day,covid,disgrace,50
today,day,threshold,trump,50
today,day,threshold,times,50
today,day,threshold,twitter,50
today,day,threshold,tweet,50
today,day,threshold,loss,50
today,day,threshold,disgrace,50
today,day,trump,times,50
today,day,trump,twitter,50
today,day,trump,tweet,50
today,day,trump,loss,50
today,day,trump,disgrace,50
today,day,times,twitter,50
today,day,times,tweet,50
today,day,times,loss,50
today,day,times,disgrace,50
today,day,twitter,tweet,50
today,day,twitter,loss,50
today,day,twitter,disgrace,50
today,day,tweet,loss,50
today,day,tweet,disgrace,50
today,day,loss,disgrace,50
today,covid,threshold,trump,50
today,covid,threshold,times,50
today,covid,threshold,twitter,50
today,covid,threshold,tweet,50
today,covid,threshold,loss,50
today,covid,threshold,disgrace,50
today,covid,trump,times,50
today,covid,trump,twitter,50
today,covid,trump,tweet,50
today,covid,trump,loss,50
today,covid,trump,disgrace,50
today,covid,times,twitter,50
today,covid,times,tweet,50
today,covid,times,loss,50
today,covid,times,disgrace,50
today,covid,twitter,tweet,50
today,covid,twitter,loss,50
today,covid,twitter,disgrace,50
today,covid,tweet,loss,50
today,covid,tweet,disgrace,50
today,covid,loss,disgrace,50
today,threshold,trump,times,50
today,threshold,trump,twitter,50
today,threshold,trump,tweet,50
today,threshold,trump,loss,50
today,threshold,trump,disgrace,50
today,threshold,times,twitter,50
today,threshold,times,tweet,50
today,threshold,times,loss,50
today,threshold,times,disgrace,50
today,threshold,twitter,tweet,50
today,threshold,twitter,loss,50
today,threshold,twitter,disgrace,50
today,threshold,tweet,loss,50
today,threshold,tweet,disgrace,50
today,threshold,loss,disgrace,50
today,trump,times,twitter,50
today,trump,times,tweet,50
today,trump,times,loss,50
today,trump,times,disgrace,50
today,trump,twitter,tweet,50
today,trump,twitter,loss,50
today,trump,twitter,disgrace,50
today,trump,tweet,loss,50
today,trump,tweet,disgrace,50
today,trump,loss,disgrace,50
today,times,twitter,tweet,50
today,times,twitter,loss,50
today,times,twitter,disgrace,50
today,times,tweet,loss,50
today,times,tweet,disgrace,50
today,times,loss,disgrace,50
today,twitter,tweet,loss,50
today,twitter,tweet,disgrace,50
today,twitter,loss,disgrace,50
